book_name,year,author
mauris viverra diam,1804,Athena Kadar
dapibus,1942,Lee Flegg
commodo,1897,Ellsworth Bouzek
pede lobortis ligula,1821,Reynard Hackelton
ante ipsum primis,1826,Osborn Noulton
ullamcorper,1866,Tanny Dedam
eget eros,1943,Elysee Fardo
nec condimentum neque,1967,Thomasine Caseley
vel,1892,Elwyn McKaile
non velit,1937,Millard Vernazza
consequat,1998,Otho Hanford
nunc vestibulum,2014,Rachel Casari
ipsum,1934,Alvinia Bartel
ipsum,1864,Adlai Matoshin
primis,1891,Gayle Stennings
dolor vel,1820,Leonanie Ridewood
vestibulum quam sapien,1899,Felike Paz
molestie nibh,1980,Douglas Corre
non velit,1868,Brocky Mattek
,1955,Tabatha McCaughey
nullam varius nulla,1821,Hans Doog
integer a,1863,Shell Frill
faucibus accumsan odio,1804,Marketa Walley
diam nam tristique,1866,Andree Poure
in eleifend quam,1816,Jacquette Gommery
a,1986,Hayes Pakenham
diam erat fermentum,1982,Sid Pimer
quis turpis eget,1843,Bryan Kyndred
odio condimentum,1958,Sapphira Cutford
tempus sit,1884,Bernarr Cauldwell
vulputate vitae,1922,Joshia Gierck
dolor quis,1816,Norry Samudio
morbi,1855,Oralla Skelhorne
vestibulum,1824,Juliet Duffit
vestibulum,1870,Coriss Mackney
amet turpis,1820,Godwin Beiderbeck
sit amet,1835,Homer Lent
nam tristique tortor,1801,Stanley Crosfeld
neque sapien placerat,1863,Harmonie Barkes
molestie sed justo,2004,Karyn Braidford
sagittis nam congue,1871,Kip Pietzner
est lacinia nisi,1964,Sharia Luttger
eu,2004,Pascale Flintiff
ut,1885,Griffy Mattisssen
a ipsum,1821,Reynard Stoller
luctus nec,1847,Orland Nolli
nisi vulputate nonummy,1928,Gussie Rosenstiel
cubilia,2015,Shayna Swiffan
orci,1957,Elset Hutchinson
dictumst morbi vestibulum,1967,Moyna Le Marchant
velit,1950,Ewart Danihelka
vel,1957,Jo-ann Rands
,1923,Orella Di Giacomo
nec,1996,Karissa Tuma
velit donec diam,2013,Nissie Sindell
vivamus,1911,Maxi Feldharker
nulla suspendisse potenti,1972,Poul Blackster
sagittis,2011,Mickie Patience
etiam,1923,Onfre Castro
nec,1870,Dorotea Salway
phasellus in,1862,De Boarer
tempus sit amet,1808,Ciel Leopard
eros vestibulum,1855,Polly Truscott
donec pharetra,1844,Cooper Jolley
bibendum morbi non,1935,Jarrod Purkiss
natoque,2012,Fletch Overstreet
lectus in,1961,Linet Olden
amet,1874,Blanche Le Jean
adipiscing,1986,Tybie Spight
eleifend donec,1977,Rhys Sollis
vel accumsan,1862,Jakie L'Homme
,1869,Padraic Lynthal
eget massa tempor,1824,Jay Bye
porta volutpat erat,1801,Chas Lampbrecht
libero nullam sit,1952,Eda Caspell
tortor sollicitudin,1859,Erika Pughe
tellus,1821,Chrisse Booker
in blandit ultrices,1988,Winnie Matthews
eros suspendisse,1964,Ralph Piscopo
nam nulla integer,1924,Saunder Schuh
vehicula condimentum,2013,Goran Leborgne
massa volutpat,1867,Evelina Kasbye
vestibulum,1951,Valry Mastrantone
quisque ut erat,1895,Ajay Hebburn
in est risus,1907,Virgie Schober
turpis eget,1876,Hale Arndell
lacus at,1995,Curcio Perchard
tellus semper,1997,Jenna Newart
luctus tincidunt,1961,Corinne MacBrearty
penatibus et magnis,1830,Clint Wareing
sit amet nunc,2013,Andris Borth
dui vel sem,1847,Gilli Danaher
dis,1843,Kynthia McKeighen
proin at turpis,2019,Marcus Bassick
vestibulum,1818,Eberto Atwill
leo odio,1893,Victoria Leroy
mattis egestas,1828,Elwira Wingfield
integer,1891,Andeee Harrill
sit amet nulla,1845,Donnie Richemond
nulla justo aliquam,2000,Corrie Hollyland
cras non,1860,Kelly Kaplan
at velit,1835,Chere Huey
,1911,Mick Kryszkiecicz
nisl,1936,Morten Cripin
in tempor turpis,1909,Fairleigh Thomann
congue,1980,Guendolen McGaughay
justo maecenas rhoncus,1855,Junette Gounet
ante ipsum,1868,Weston Witton
,1998,Hillier Sprowle
sagittis,1960,Zacharie Turnpenny
arcu sed,1978,Kippy Parramore
semper,1941,Cammi Kenchington
in,1913,Kendrick Bartleet
quam pede lobortis,1862,Cassey Franzelini
consectetuer eget rutrum,2007,Tasha Aviss
ac,1873,Jemima Gainsbury
quis libero,1842,Costa Tressler
fusce consequat nulla,1964,Carolus Adnams
ut ultrices,2013,Nadine O'Brien
fusce,2022,Casi Bonnell
amet,2004,Nannie Antognetti
cubilia,1935,Sofie Potier
dictumst maecenas,1848,Roddie Gilby
venenatis lacinia aenean,1969,Esra Snasel
justo nec,1873,Aliza Luckham
cubilia curae,1880,Bria Robben
praesent id,1915,Bartie Sorbie
cum sociis,1981,Ian Hulme
et ultrices posuere,1946,Drud Piddlesden
egestas metus,2017,Johan Durram
vulputate vitae,1959,Herbie Friedenbach
nam nulla,1866,Alisander Wombwell
diam id ornare,1804,Shelia Boulsher
dapibus at,1816,Lemmie Nears
aliquam quis,1961,Marji Stoak
sit amet eleifend,1989,Alisa Benninger
nisl,1958,Tamera Brosini
id nisl venenatis,1887,Doralyn Quince
hac habitasse platea,1815,Morgan Pennycord
nullam,1896,Nerte Skuce
suspendisse potenti cras,1881,Hogan Semken
mi sit amet,1873,Casi Tomney
morbi quis,1868,Lynne Pascho
odio cras mi,1916,Victor Jeram
semper est quam,1972,Hugo Merrifield
vel,2017,Nanny Undrell
orci pede,1977,Melloney Tanman
ultrices,1932,Taddeusz Demke
erat,1913,Harriott Rebbeck
sapien,1927,Melli Robottham
quis turpis,1857,Shane Mollnar
amet lobortis sapien,1835,Josepha Flaonier
sem duis aliquam,1917,Jourdan Simmonite
sit amet turpis,1974,Garrot Shone
fermentum justo,1962,Tracy Jaffrey
turpis a pede,1820,Vallie Agron
libero rutrum ac,1900,Kelcy Abbe
ipsum aliquam non,1918,Aurore Braidman
quam,1982,Starla Kundt
et ultrices posuere,1975,Clifford Drysdall
integer,1929,Feliza Pepineaux
dui vel,1890,Lani Dargie
est phasellus sit,1832,Kissie Ishaki
nulla facilisi cras,1977,Peterus Kacheler
ultrices aliquet,1853,Mildrid Colclough
amet nunc viverra,1850,Olive Dafydd
fermentum,1870,Lianna Drynan
mauris morbi,1894,Ephrem Shapcott
vestibulum,1912,Sigvard Jewiss
tincidunt lacus,1898,Elnore Minot
donec,1963,Ros Stroband
ante,1914,Justine McLewd
,1849,Bendite Dunnion
dui,1911,Hannie Backshill
mattis nibh ligula,1871,Rhea Drummer
aliquet pulvinar,1812,Electra Skone
amet diam in,1941,Rycca Bartolomeotti
imperdiet et commodo,1887,Valma Wattinham
magna vestibulum,1922,Brittaney Ochterlony
habitasse platea dictumst,1965,Lauretta Gladdor
felis,1869,Suzanne Mumberson
in,1842,Cecilla Joutapavicius
dolor sit amet,2010,Byram Walby
sit,1833,Stesha Theodoris
vestibulum eget,1911,Cari Ling
consectetuer,1907,Orsa Hurkett
sapien cursus vestibulum,1890,Benoite Dennidge
est risus,1807,Rubi Von Hindenburg
iaculis justo,1820,Arty Frudd
eget,2012,Jeanie Arnow
,1816,Alvina Tyrrell
odio,1931,Kele Mordaunt
condimentum,1983,Cameron Durrand
,1980,Bucky Toft
morbi,1828,Lin Sedgwick
hac habitasse platea,1802,Ennis Denekamp
adipiscing lorem,2010,Raye Skurray
felis sed interdum,1926,Coleen Temporal
,1928,Danya Dinnies
sed,1829,Gordan Oxlade
